"ID","Name","Type","Mechanic","Condition","Icon","Weapon Texture"
"augment-air-damage","Skybound Gauntlet","item","damage","while airborne","native/assets/illustrated/content/augment-air-damage.svg",""
"augment-air-rate","Skybound Metronome","skill","rate","while airborne","native/assets/illustrated/content/augment-air-rate.svg",""
"augment-air-speed","Skybound Boots","item","speed","while airborne","native/assets/illustrated/content/augment-air-speed.svg",""
"augment-air-regen","Skybound Teacup","skill","regen","while airborne","native/assets/illustrated/content/augment-air-regen.svg",""
"augment-air-armor","Skybound Shield","item","armor","while airborne","native/assets/illustrated/content/augment-air-armor.svg",""
"augment-air-dodge","Skybound Cloak","skill","dodge","while airborne","native/assets/illustrated/content/augment-air-dodge.svg",""
"augment-air-crit","Skybound Lens","item","crit","while airborne","native/assets/illustrated/content/augment-air-crit.svg",""
"augment-air-critPower","Skybound Crown","skill","critPower","while airborne","native/assets/illustrated/content/augment-air-critPower.svg",""
"augment-air-range","Skybound Compass","item","range","while airborne","native/assets/illustrated/content/augment-air-range.svg",""
"augment-air-projectileSpeed","Skybound Arrow","skill","projectileSpeed","while airborne","native/assets/illustrated/content/augment-air-projectileSpeed.svg",""
"augment-air-size","Skybound Balloon","item","size","while airborne","native/assets/illustrated/content/augment-air-size.svg",""
"augment-air-knockback","Skybound Hammer","skill","knockback","while airborne","native/assets/illustrated/content/augment-air-knockback.svg",""
"augment-air-lifesteal","Skybound Fang","item","lifesteal","while airborne","native/assets/illustrated/content/augment-air-lifesteal.svg",""
"augment-air-bossDamage","Skybound Spear","skill","bossDamage","while airborne","native/assets/illustrated/content/augment-air-bossDamage.svg",""
"augment-air-xpGain","Skybound Book","item","xpGain","while airborne","native/assets/illustrated/content/augment-air-xpGain.svg",""
"augment-air-goldGain","Skybound Purse","skill","goldGain","while airborne","native/assets/illustrated/content/augment-air-goldGain.svg",""
"augment-air-pickup","Skybound Magnet","item","pickup","while airborne","native/assets/illustrated/content/augment-air-pickup.svg",""
"augment-air-turretDamage","Skybound Anvil","skill","turretDamage","while airborne","native/assets/illustrated/content/augment-air-turretDamage.svg",""
"augment-air-turretRate","Skybound Gears","item","turretRate","while airborne","native/assets/illustrated/content/augment-air-turretRate.svg",""
"augment-air-turretRange","Skybound Telescope","skill","turretRange","while airborne","native/assets/illustrated/content/augment-air-turretRange.svg",""
"augment-ground-damage","Trail Gauntlet","skill","damage","while grounded","native/assets/illustrated/content/augment-ground-damage.svg",""
"augment-ground-rate","Trail Metronome","item","rate","while grounded","native/assets/illustrated/content/augment-ground-rate.svg",""
"augment-ground-speed","Trail Boots","skill","speed","while grounded","native/assets/illustrated/content/augment-ground-speed.svg",""
"augment-ground-regen","Trail Teacup","item","regen","while grounded","native/assets/illustrated/content/augment-ground-regen.svg",""
"augment-ground-armor","Trail Shield","skill","armor","while grounded","native/assets/illustrated/content/augment-ground-armor.svg",""
"augment-ground-dodge","Trail Cloak","item","dodge","while grounded","native/assets/illustrated/content/augment-ground-dodge.svg",""
"augment-ground-crit","Trail Lens","skill","crit","while grounded","native/assets/illustrated/content/augment-ground-crit.svg",""
"augment-ground-critPower","Trail Crown","item","critPower","while grounded","native/assets/illustrated/content/augment-ground-critPower.svg",""
"augment-ground-range","Trail Compass","skill","range","while grounded","native/assets/illustrated/content/augment-ground-range.svg",""
"augment-ground-projectileSpeed","Trail Arrow","item","projectileSpeed","while grounded","native/assets/illustrated/content/augment-ground-projectileSpeed.svg",""
"augment-ground-size","Trail Balloon","skill","size","while grounded","native/assets/illustrated/content/augment-ground-size.svg",""
"augment-ground-knockback","Trail Hammer","item","knockback","while grounded","native/assets/illustrated/content/augment-ground-knockback.svg",""
"augment-ground-lifesteal","Trail Fang","skill","lifesteal","while grounded","native/assets/illustrated/content/augment-ground-lifesteal.svg",""
"augment-ground-bossDamage","Trail Spear","item","bossDamage","while grounded","native/assets/illustrated/content/augment-ground-bossDamage.svg",""
"augment-ground-xpGain","Trail Book","skill","xpGain","while grounded","native/assets/illustrated/content/augment-ground-xpGain.svg",""
"augment-ground-goldGain","Trail Purse","item","goldGain","while grounded","native/assets/illustrated/content/augment-ground-goldGain.svg",""
"augment-ground-pickup","Trail Magnet","skill","pickup","while grounded","native/assets/illustrated/content/augment-ground-pickup.svg",""
"augment-ground-turretDamage","Trail Anvil","item","turretDamage","while grounded","native/assets/illustrated/content/augment-ground-turretDamage.svg",""
"augment-ground-turretRate","Trail Gears","skill","turretRate","while grounded","native/assets/illustrated/content/augment-ground-turretRate.svg",""
"augment-ground-turretRange","Trail Telescope","item","turretRange","while grounded","native/assets/illustrated/content/augment-ground-turretRange.svg",""
"augment-moving-damage","Runner Gauntlet","item","damage","while moving","native/assets/illustrated/content/augment-moving-damage.svg",""
"augment-moving-rate","Runner Metronome","skill","rate","while moving","native/assets/illustrated/content/augment-moving-rate.svg",""
"augment-moving-speed","Runner Boots","item","speed","while moving","native/assets/illustrated/content/augment-moving-speed.svg",""
"augment-moving-regen","Runner Teacup","skill","regen","while moving","native/assets/illustrated/content/augment-moving-regen.svg",""
"augment-moving-armor","Runner Shield","item","armor","while moving","native/assets/illustrated/content/augment-moving-armor.svg",""
"augment-moving-dodge","Runner Cloak","skill","dodge","while moving","native/assets/illustrated/content/augment-moving-dodge.svg",""
"augment-moving-crit","Runner Lens","item","crit","while moving","native/assets/illustrated/content/augment-moving-crit.svg",""
"augment-moving-critPower","Runner Crown","skill","critPower","while moving","native/assets/illustrated/content/augment-moving-critPower.svg",""
"augment-moving-range","Runner Compass","item","range","while moving","native/assets/illustrated/content/augment-moving-range.svg",""
"augment-moving-projectileSpeed","Runner Arrow","skill","projectileSpeed","while moving","native/assets/illustrated/content/augment-moving-projectileSpeed.svg",""
"augment-moving-size","Runner Balloon","item","size","while moving","native/assets/illustrated/content/augment-moving-size.svg",""
"augment-moving-knockback","Runner Hammer","skill","knockback","while moving","native/assets/illustrated/content/augment-moving-knockback.svg",""
"augment-moving-lifesteal","Runner Fang","item","lifesteal","while moving","native/assets/illustrated/content/augment-moving-lifesteal.svg",""
"augment-moving-bossDamage","Runner Spear","skill","bossDamage","while moving","native/assets/illustrated/content/augment-moving-bossDamage.svg",""
"augment-moving-xpGain","Runner Book","item","xpGain","while moving","native/assets/illustrated/content/augment-moving-xpGain.svg",""
"augment-moving-goldGain","Runner Purse","skill","goldGain","while moving","native/assets/illustrated/content/augment-moving-goldGain.svg",""
"augment-moving-pickup","Runner Magnet","item","pickup","while moving","native/assets/illustrated/content/augment-moving-pickup.svg",""
"augment-moving-turretDamage","Runner Anvil","skill","turretDamage","while moving","native/assets/illustrated/content/augment-moving-turretDamage.svg",""
"augment-moving-turretRate","Runner Gears","item","turretRate","while moving","native/assets/illustrated/content/augment-moving-turretRate.svg",""
"augment-moving-turretRange","Runner Telescope","skill","turretRange","while moving","native/assets/illustrated/content/augment-moving-turretRange.svg",""
"augment-still-damage","Patient Gauntlet","skill","damage","while stationary","native/assets/illustrated/content/augment-still-damage.svg",""
"augment-still-rate","Patient Metronome","item","rate","while stationary","native/assets/illustrated/content/augment-still-rate.svg",""
"augment-still-speed","Patient Boots","skill","speed","while stationary","native/assets/illustrated/content/augment-still-speed.svg",""
"augment-still-regen","Patient Teacup","item","regen","while stationary","native/assets/illustrated/content/augment-still-regen.svg",""
"augment-still-armor","Patient Shield","skill","armor","while stationary","native/assets/illustrated/content/augment-still-armor.svg",""
"augment-still-dodge","Patient Cloak","item","dodge","while stationary","native/assets/illustrated/content/augment-still-dodge.svg",""
"augment-still-crit","Patient Lens","skill","crit","while stationary","native/assets/illustrated/content/augment-still-crit.svg",""
"augment-still-critPower","Patient Crown","item","critPower","while stationary","native/assets/illustrated/content/augment-still-critPower.svg",""
"augment-still-range","Patient Compass","skill","range","while stationary","native/assets/illustrated/content/augment-still-range.svg",""
"augment-still-projectileSpeed","Patient Arrow","item","projectileSpeed","while stationary","native/assets/illustrated/content/augment-still-projectileSpeed.svg",""
"augment-still-size","Patient Balloon","skill","size","while stationary","native/assets/illustrated/content/augment-still-size.svg",""
"augment-still-knockback","Patient Hammer","item","knockback","while stationary","native/assets/illustrated/content/augment-still-knockback.svg",""
"augment-still-lifesteal","Patient Fang","skill","lifesteal","while stationary","native/assets/illustrated/content/augment-still-lifesteal.svg",""
"augment-still-bossDamage","Patient Spear","item","bossDamage","while stationary","native/assets/illustrated/content/augment-still-bossDamage.svg",""
"augment-still-xpGain","Patient Book","skill","xpGain","while stationary","native/assets/illustrated/content/augment-still-xpGain.svg",""
"augment-still-goldGain","Patient Purse","item","goldGain","while stationary","native/assets/illustrated/content/augment-still-goldGain.svg",""
"augment-still-pickup","Patient Magnet","skill","pickup","while stationary","native/assets/illustrated/content/augment-still-pickup.svg",""
"augment-still-turretDamage","Patient Anvil","item","turretDamage","while stationary","native/assets/illustrated/content/augment-still-turretDamage.svg",""
"augment-still-turretRate","Patient Gears","skill","turretRate","while stationary","native/assets/illustrated/content/augment-still-turretRate.svg",""
"augment-still-turretRange","Patient Telescope","item","turretRange","while stationary","native/assets/illustrated/content/augment-still-turretRange.svg",""
"augment-low-damage","Last Stand Gauntlet","item","damage","below 40% health","native/assets/illustrated/content/augment-low-damage.svg",""
"augment-low-rate","Last Stand Metronome","skill","rate","below 40% health","native/assets/illustrated/content/augment-low-rate.svg",""
"augment-low-speed","Last Stand Boots","item","speed","below 40% health","native/assets/illustrated/content/augment-low-speed.svg",""
"augment-low-regen","Last Stand Teacup","skill","regen","below 40% health","native/assets/illustrated/content/augment-low-regen.svg",""
"augment-low-armor","Last Stand Shield","item","armor","below 40% health","native/assets/illustrated/content/augment-low-armor.svg",""
"augment-low-dodge","Last Stand Cloak","skill","dodge","below 40% health","native/assets/illustrated/content/augment-low-dodge.svg",""
"augment-low-crit","Last Stand Lens","item","crit","below 40% health","native/assets/illustrated/content/augment-low-crit.svg",""
"augment-low-critPower","Last Stand Crown","skill","critPower","below 40% health","native/assets/illustrated/content/augment-low-critPower.svg",""
"augment-low-range","Last Stand Compass","item","range","below 40% health","native/assets/illustrated/content/augment-low-range.svg",""
"augment-low-projectileSpeed","Last Stand Arrow","skill","projectileSpeed","below 40% health","native/assets/illustrated/content/augment-low-projectileSpeed.svg",""
"augment-low-size","Last Stand Balloon","item","size","below 40% health","native/assets/illustrated/content/augment-low-size.svg",""
"augment-low-knockback","Last Stand Hammer","skill","knockback","below 40% health","native/assets/illustrated/content/augment-low-knockback.svg",""
"augment-low-lifesteal","Last Stand Fang","item","lifesteal","below 40% health","native/assets/illustrated/content/augment-low-lifesteal.svg",""
"augment-low-bossDamage","Last Stand Spear","skill","bossDamage","below 40% health","native/assets/illustrated/content/augment-low-bossDamage.svg",""
"augment-low-xpGain","Last Stand Book","item","xpGain","below 40% health","native/assets/illustrated/content/augment-low-xpGain.svg",""
"augment-low-goldGain","Last Stand Purse","skill","goldGain","below 40% health","native/assets/illustrated/content/augment-low-goldGain.svg",""
"augment-low-pickup","Last Stand Magnet","item","pickup","below 40% health","native/assets/illustrated/content/augment-low-pickup.svg",""
"augment-low-turretDamage","Last Stand Anvil","skill","turretDamage","below 40% health","native/assets/illustrated/content/augment-low-turretDamage.svg",""
"augment-low-turretRate","Last Stand Gears","item","turretRate","below 40% health","native/assets/illustrated/content/augment-low-turretRate.svg",""
"augment-low-turretRange","Last Stand Telescope","skill","turretRange","below 40% health","native/assets/illustrated/content/augment-low-turretRange.svg",""
"augment-healthy-damage","Pristine Gauntlet","skill","damage","above 80% health","native/assets/illustrated/content/augment-healthy-damage.svg",""
"augment-healthy-rate","Pristine Metronome","item","rate","above 80% health","native/assets/illustrated/content/augment-healthy-rate.svg",""
"augment-healthy-speed","Pristine Boots","skill","speed","above 80% health","native/assets/illustrated/content/augment-healthy-speed.svg",""
"augment-healthy-regen","Pristine Teacup","item","regen","above 80% health","native/assets/illustrated/content/augment-healthy-regen.svg",""
"augment-healthy-armor","Pristine Shield","skill","armor","above 80% health","native/assets/illustrated/content/augment-healthy-armor.svg",""
"augment-healthy-dodge","Pristine Cloak","item","dodge","above 80% health","native/assets/illustrated/content/augment-healthy-dodge.svg",""
"augment-healthy-crit","Pristine Lens","skill","crit","above 80% health","native/assets/illustrated/content/augment-healthy-crit.svg",""
"augment-healthy-critPower","Pristine Crown","item","critPower","above 80% health","native/assets/illustrated/content/augment-healthy-critPower.svg",""
"augment-healthy-range","Pristine Compass","skill","range","above 80% health","native/assets/illustrated/content/augment-healthy-range.svg",""
"augment-healthy-projectileSpeed","Pristine Arrow","item","projectileSpeed","above 80% health","native/assets/illustrated/content/augment-healthy-projectileSpeed.svg",""
"augment-healthy-size","Pristine Balloon","skill","size","above 80% health","native/assets/illustrated/content/augment-healthy-size.svg",""
"augment-healthy-knockback","Pristine Hammer","item","knockback","above 80% health","native/assets/illustrated/content/augment-healthy-knockback.svg",""
"augment-healthy-lifesteal","Pristine Fang","skill","lifesteal","above 80% health","native/assets/illustrated/content/augment-healthy-lifesteal.svg",""
"augment-healthy-bossDamage","Pristine Spear","item","bossDamage","above 80% health","native/assets/illustrated/content/augment-healthy-bossDamage.svg",""
"augment-healthy-xpGain","Pristine Book","skill","xpGain","above 80% health","native/assets/illustrated/content/augment-healthy-xpGain.svg",""
"augment-healthy-goldGain","Pristine Purse","item","goldGain","above 80% health","native/assets/illustrated/content/augment-healthy-goldGain.svg",""
"augment-healthy-pickup","Pristine Magnet","skill","pickup","above 80% health","native/assets/illustrated/content/augment-healthy-pickup.svg",""
"augment-healthy-turretDamage","Pristine Anvil","item","turretDamage","above 80% health","native/assets/illustrated/content/augment-healthy-turretDamage.svg",""
"augment-healthy-turretRate","Pristine Gears","skill","turretRate","above 80% health","native/assets/illustrated/content/augment-healthy-turretRate.svg",""
"augment-healthy-turretRange","Pristine Telescope","item","turretRange","above 80% health","native/assets/illustrated/content/augment-healthy-turretRange.svg",""
"augment-shield-damage","Bubbleguard Gauntlet","item","damage","while your shield holds","native/assets/illustrated/content/augment-shield-damage.svg",""
"augment-shield-rate","Bubbleguard Metronome","skill","rate","while your shield holds","native/assets/illustrated/content/augment-shield-rate.svg",""
"augment-shield-speed","Bubbleguard Boots","item","speed","while your shield holds","native/assets/illustrated/content/augment-shield-speed.svg",""
"augment-shield-regen","Bubbleguard Teacup","skill","regen","while your shield holds","native/assets/illustrated/content/augment-shield-regen.svg",""
"augment-shield-armor","Bubbleguard Shield","item","armor","while your shield holds","native/assets/illustrated/content/augment-shield-armor.svg",""
"augment-shield-dodge","Bubbleguard Cloak","skill","dodge","while your shield holds","native/assets/illustrated/content/augment-shield-dodge.svg",""
"augment-shield-crit","Bubbleguard Lens","item","crit","while your shield holds","native/assets/illustrated/content/augment-shield-crit.svg",""
"augment-shield-critPower","Bubbleguard Crown","skill","critPower","while your shield holds","native/assets/illustrated/content/augment-shield-critPower.svg",""
"augment-shield-range","Bubbleguard Compass","item","range","while your shield holds","native/assets/illustrated/content/augment-shield-range.svg",""
"augment-shield-projectileSpeed","Bubbleguard Arrow","skill","projectileSpeed","while your shield holds","native/assets/illustrated/content/augment-shield-projectileSpeed.svg",""
"augment-shield-size","Bubbleguard Balloon","item","size","while your shield holds","native/assets/illustrated/content/augment-shield-size.svg",""
"augment-shield-knockback","Bubbleguard Hammer","skill","knockback","while your shield holds","native/assets/illustrated/content/augment-shield-knockback.svg",""
"augment-shield-lifesteal","Bubbleguard Fang","item","lifesteal","while your shield holds","native/assets/illustrated/content/augment-shield-lifesteal.svg",""
"augment-shield-bossDamage","Bubbleguard Spear","skill","bossDamage","while your shield holds","native/assets/illustrated/content/augment-shield-bossDamage.svg",""
"augment-shield-xpGain","Bubbleguard Book","item","xpGain","while your shield holds","native/assets/illustrated/content/augment-shield-xpGain.svg",""
"augment-shield-goldGain","Bubbleguard Purse","skill","goldGain","while your shield holds","native/assets/illustrated/content/augment-shield-goldGain.svg",""
"augment-shield-pickup","Bubbleguard Magnet","item","pickup","while your shield holds","native/assets/illustrated/content/augment-shield-pickup.svg",""
"augment-shield-turretDamage","Bubbleguard Anvil","skill","turretDamage","while your shield holds","native/assets/illustrated/content/augment-shield-turretDamage.svg",""
"augment-shield-turretRate","Bubbleguard Gears","item","turretRate","while your shield holds","native/assets/illustrated/content/augment-shield-turretRate.svg",""
"augment-shield-turretRange","Bubbleguard Telescope","skill","turretRange","while your shield holds","native/assets/illustrated/content/augment-shield-turretRange.svg",""
"augment-bare-damage","Unarmoured Gauntlet","skill","damage","without shield health","native/assets/illustrated/content/augment-bare-damage.svg",""
"augment-bare-rate","Unarmoured Metronome","item","rate","without shield health","native/assets/illustrated/content/augment-bare-rate.svg",""
"augment-bare-speed","Unarmoured Boots","skill","speed","without shield health","native/assets/illustrated/content/augment-bare-speed.svg",""
"augment-bare-regen","Unarmoured Teacup","item","regen","without shield health","native/assets/illustrated/content/augment-bare-regen.svg",""
"augment-bare-armor","Unarmoured Shield","skill","armor","without shield health","native/assets/illustrated/content/augment-bare-armor.svg",""
"augment-bare-dodge","Unarmoured Cloak","item","dodge","without shield health","native/assets/illustrated/content/augment-bare-dodge.svg",""
"augment-bare-crit","Unarmoured Lens","skill","crit","without shield health","native/assets/illustrated/content/augment-bare-crit.svg",""
"augment-bare-critPower","Unarmoured Crown","item","critPower","without shield health","native/assets/illustrated/content/augment-bare-critPower.svg",""
"augment-bare-range","Unarmoured Compass","skill","range","without shield health","native/assets/illustrated/content/augment-bare-range.svg",""
"augment-bare-projectileSpeed","Unarmoured Arrow","item","projectileSpeed","without shield health","native/assets/illustrated/content/augment-bare-projectileSpeed.svg",""
"augment-bare-size","Unarmoured Balloon","skill","size","without shield health","native/assets/illustrated/content/augment-bare-size.svg",""
"augment-bare-knockback","Unarmoured Hammer","item","knockback","without shield health","native/assets/illustrated/content/augment-bare-knockback.svg",""
"augment-bare-lifesteal","Unarmoured Fang","skill","lifesteal","without shield health","native/assets/illustrated/content/augment-bare-lifesteal.svg",""
"augment-bare-bossDamage","Unarmoured Spear","item","bossDamage","without shield health","native/assets/illustrated/content/augment-bare-bossDamage.svg",""
"augment-bare-xpGain","Unarmoured Book","skill","xpGain","without shield health","native/assets/illustrated/content/augment-bare-xpGain.svg",""
"augment-bare-goldGain","Unarmoured Purse","item","goldGain","without shield health","native/assets/illustrated/content/augment-bare-goldGain.svg",""
"augment-bare-pickup","Unarmoured Magnet","skill","pickup","without shield health","native/assets/illustrated/content/augment-bare-pickup.svg",""
"augment-bare-turretDamage","Unarmoured Anvil","item","turretDamage","without shield health","native/assets/illustrated/content/augment-bare-turretDamage.svg",""
"augment-bare-turretRate","Unarmoured Gears","skill","turretRate","without shield health","native/assets/illustrated/content/augment-bare-turretRate.svg",""
"augment-bare-turretRange","Unarmoured Telescope","item","turretRange","without shield health","native/assets/illustrated/content/augment-bare-turretRange.svg",""
"augment-dash-damage","Afterimage Gauntlet","item","damage","for 3 seconds after dashing","native/assets/illustrated/content/augment-dash-damage.svg",""
"augment-dash-rate","Afterimage Metronome","skill","rate","for 3 seconds after dashing","native/assets/illustrated/content/augment-dash-rate.svg",""
"augment-dash-speed","Afterimage Boots","item","speed","for 3 seconds after dashing","native/assets/illustrated/content/augment-dash-speed.svg",""
"augment-dash-regen","Afterimage Teacup","skill","regen","for 3 seconds after dashing","native/assets/illustrated/content/augment-dash-regen.svg",""
"augment-dash-armor","Afterimage Shield","item","armor","for 3 seconds after dashing","native/assets/illustrated/content/augment-dash-armor.svg",""
"augment-dash-dodge","Afterimage Cloak","skill","dodge","for 3 seconds after dashing","native/assets/illustrated/content/augment-dash-dodge.svg",""
"augment-dash-crit","Afterimage Lens","item","crit","for 3 seconds after dashing","native/assets/illustrated/content/augment-dash-crit.svg",""
"augment-dash-critPower","Afterimage Crown","skill","critPower","for 3 seconds after dashing","native/assets/illustrated/content/augment-dash-critPower.svg",""
"augment-dash-range","Afterimage Compass","item","range","for 3 seconds after dashing","native/assets/illustrated/content/augment-dash-range.svg",""
"augment-dash-projectileSpeed","Afterimage Arrow","skill","projectileSpeed","for 3 seconds after dashing","native/assets/illustrated/content/augment-dash-projectileSpeed.svg",""
"augment-dash-size","Afterimage Balloon","item","size","for 3 seconds after dashing","native/assets/illustrated/content/augment-dash-size.svg",""
"augment-dash-knockback","Afterimage Hammer","skill","knockback","for 3 seconds after dashing","native/assets/illustrated/content/augment-dash-knockback.svg",""
"augment-dash-lifesteal","Afterimage Fang","item","lifesteal","for 3 seconds after dashing","native/assets/illustrated/content/augment-dash-lifesteal.svg",""
"augment-dash-bossDamage","Afterimage Spear","skill","bossDamage","for 3 seconds after dashing","native/assets/illustrated/content/augment-dash-bossDamage.svg",""
"augment-dash-xpGain","Afterimage Book","item","xpGain","for 3 seconds after dashing","native/assets/illustrated/content/augment-dash-xpGain.svg",""
"augment-dash-goldGain","Afterimage Purse","skill","goldGain","for 3 seconds after dashing","native/assets/illustrated/content/augment-dash-goldGain.svg",""
"augment-dash-pickup","Afterimage Magnet","item","pickup","for 3 seconds after dashing","native/assets/illustrated/content/augment-dash-pickup.svg",""
"augment-dash-turretDamage","Afterimage Anvil","skill","turretDamage","for 3 seconds after dashing","native/assets/illustrated/content/augment-dash-turretDamage.svg",""
"augment-dash-turretRate","Afterimage Gears","item","turretRate","for 3 seconds after dashing","native/assets/illustrated/content/augment-dash-turretRate.svg",""
"augment-dash-turretRange","Afterimage Telescope","skill","turretRange","for 3 seconds after dashing","native/assets/illustrated/content/augment-dash-turretRange.svg",""
"augment-slam-damage","Quake Gauntlet","skill","damage","for 4 seconds after a slam","native/assets/illustrated/content/augment-slam-damage.svg",""
"augment-slam-rate","Quake Metronome","item","rate","for 4 seconds after a slam","native/assets/illustrated/content/augment-slam-rate.svg",""
"augment-slam-speed","Quake Boots","skill","speed","for 4 seconds after a slam","native/assets/illustrated/content/augment-slam-speed.svg",""
"augment-slam-regen","Quake Teacup","item","regen","for 4 seconds after a slam","native/assets/illustrated/content/augment-slam-regen.svg",""
"augment-slam-armor","Quake Shield","skill","armor","for 4 seconds after a slam","native/assets/illustrated/content/augment-slam-armor.svg",""
"augment-slam-dodge","Quake Cloak","item","dodge","for 4 seconds after a slam","native/assets/illustrated/content/augment-slam-dodge.svg",""
"augment-slam-crit","Quake Lens","skill","crit","for 4 seconds after a slam","native/assets/illustrated/content/augment-slam-crit.svg",""
"augment-slam-critPower","Quake Crown","item","critPower","for 4 seconds after a slam","native/assets/illustrated/content/augment-slam-critPower.svg",""
"augment-slam-range","Quake Compass","skill","range","for 4 seconds after a slam","native/assets/illustrated/content/augment-slam-range.svg",""
"augment-slam-projectileSpeed","Quake Arrow","item","projectileSpeed","for 4 seconds after a slam","native/assets/illustrated/content/augment-slam-projectileSpeed.svg",""
"augment-slam-size","Quake Balloon","skill","size","for 4 seconds after a slam","native/assets/illustrated/content/augment-slam-size.svg",""
"augment-slam-knockback","Quake Hammer","item","knockback","for 4 seconds after a slam","native/assets/illustrated/content/augment-slam-knockback.svg",""
"augment-slam-lifesteal","Quake Fang","skill","lifesteal","for 4 seconds after a slam","native/assets/illustrated/content/augment-slam-lifesteal.svg",""
"augment-slam-bossDamage","Quake Spear","item","bossDamage","for 4 seconds after a slam","native/assets/illustrated/content/augment-slam-bossDamage.svg",""
"augment-slam-xpGain","Quake Book","skill","xpGain","for 4 seconds after a slam","native/assets/illustrated/content/augment-slam-xpGain.svg",""
"augment-slam-goldGain","Quake Purse","item","goldGain","for 4 seconds after a slam","native/assets/illustrated/content/augment-slam-goldGain.svg",""
"augment-slam-pickup","Quake Magnet","skill","pickup","for 4 seconds after a slam","native/assets/illustrated/content/augment-slam-pickup.svg",""
"augment-slam-turretDamage","Quake Anvil","item","turretDamage","for 4 seconds after a slam","native/assets/illustrated/content/augment-slam-turretDamage.svg",""
"augment-slam-turretRate","Quake Gears","skill","turretRate","for 4 seconds after a slam","native/assets/illustrated/content/augment-slam-turretRate.svg",""
"augment-slam-turretRange","Quake Telescope","item","turretRange","for 4 seconds after a slam","native/assets/illustrated/content/augment-slam-turretRange.svg",""
"augment-kill-damage","Victory Gauntlet","item","damage","for 3 seconds after a kill","native/assets/illustrated/content/augment-kill-damage.svg",""
"augment-kill-rate","Victory Metronome","skill","rate","for 3 seconds after a kill","native/assets/illustrated/content/augment-kill-rate.svg",""
"augment-kill-speed","Victory Boots","item","speed","for 3 seconds after a kill","native/assets/illustrated/content/augment-kill-speed.svg",""
"augment-kill-regen","Victory Teacup","skill","regen","for 3 seconds after a kill","native/assets/illustrated/content/augment-kill-regen.svg",""
"augment-kill-armor","Victory Shield","item","armor","for 3 seconds after a kill","native/assets/illustrated/content/augment-kill-armor.svg",""
"augment-kill-dodge","Victory Cloak","skill","dodge","for 3 seconds after a kill","native/assets/illustrated/content/augment-kill-dodge.svg",""
"augment-kill-crit","Victory Lens","item","crit","for 3 seconds after a kill","native/assets/illustrated/content/augment-kill-crit.svg",""
"augment-kill-critPower","Victory Crown","skill","critPower","for 3 seconds after a kill","native/assets/illustrated/content/augment-kill-critPower.svg",""
"augment-kill-range","Victory Compass","item","range","for 3 seconds after a kill","native/assets/illustrated/content/augment-kill-range.svg",""
"augment-kill-projectileSpeed","Victory Arrow","skill","projectileSpeed","for 3 seconds after a kill","native/assets/illustrated/content/augment-kill-projectileSpeed.svg",""
"augment-kill-size","Victory Balloon","item","size","for 3 seconds after a kill","native/assets/illustrated/content/augment-kill-size.svg",""
"augment-kill-knockback","Victory Hammer","skill","knockback","for 3 seconds after a kill","native/assets/illustrated/content/augment-kill-knockback.svg",""
"augment-kill-lifesteal","Victory Fang","item","lifesteal","for 3 seconds after a kill","native/assets/illustrated/content/augment-kill-lifesteal.svg",""
"augment-kill-bossDamage","Victory Spear","skill","bossDamage","for 3 seconds after a kill","native/assets/illustrated/content/augment-kill-bossDamage.svg",""
"augment-kill-xpGain","Victory Book","item","xpGain","for 3 seconds after a kill","native/assets/illustrated/content/augment-kill-xpGain.svg",""
"augment-kill-goldGain","Victory Purse","skill","goldGain","for 3 seconds after a kill","native/assets/illustrated/content/augment-kill-goldGain.svg",""
"augment-kill-pickup","Victory Magnet","item","pickup","for 3 seconds after a kill","native/assets/illustrated/content/augment-kill-pickup.svg",""
"augment-kill-turretDamage","Victory Anvil","skill","turretDamage","for 3 seconds after a kill","native/assets/illustrated/content/augment-kill-turretDamage.svg",""
"augment-kill-turretRate","Victory Gears","item","turretRate","for 3 seconds after a kill","native/assets/illustrated/content/augment-kill-turretRate.svg",""
"augment-kill-turretRange","Victory Telescope","skill","turretRange","for 3 seconds after a kill","native/assets/illustrated/content/augment-kill-turretRange.svg",""
"augment-hurt-damage","Defiant Gauntlet","skill","damage","for 4 seconds after taking damage","native/assets/illustrated/content/augment-hurt-damage.svg",""
"augment-hurt-rate","Defiant Metronome","item","rate","for 4 seconds after taking damage","native/assets/illustrated/content/augment-hurt-rate.svg",""
"augment-hurt-speed","Defiant Boots","skill","speed","for 4 seconds after taking damage","native/assets/illustrated/content/augment-hurt-speed.svg",""
"augment-hurt-regen","Defiant Teacup","item","regen","for 4 seconds after taking damage","native/assets/illustrated/content/augment-hurt-regen.svg",""
"augment-hurt-armor","Defiant Shield","skill","armor","for 4 seconds after taking damage","native/assets/illustrated/content/augment-hurt-armor.svg",""
"augment-hurt-dodge","Defiant Cloak","item","dodge","for 4 seconds after taking damage","native/assets/illustrated/content/augment-hurt-dodge.svg",""
"augment-hurt-crit","Defiant Lens","skill","crit","for 4 seconds after taking damage","native/assets/illustrated/content/augment-hurt-crit.svg",""
"augment-hurt-critPower","Defiant Crown","item","critPower","for 4 seconds after taking damage","native/assets/illustrated/content/augment-hurt-critPower.svg",""
"augment-hurt-range","Defiant Compass","skill","range","for 4 seconds after taking damage","native/assets/illustrated/content/augment-hurt-range.svg",""
"augment-hurt-projectileSpeed","Defiant Arrow","item","projectileSpeed","for 4 seconds after taking damage","native/assets/illustrated/content/augment-hurt-projectileSpeed.svg",""
"augment-hurt-size","Defiant Balloon","skill","size","for 4 seconds after taking damage","native/assets/illustrated/content/augment-hurt-size.svg",""
"augment-hurt-knockback","Defiant Hammer","item","knockback","for 4 seconds after taking damage","native/assets/illustrated/content/augment-hurt-knockback.svg",""
"augment-hurt-lifesteal","Defiant Fang","skill","lifesteal","for 4 seconds after taking damage","native/assets/illustrated/content/augment-hurt-lifesteal.svg",""
"augment-hurt-bossDamage","Defiant Spear","item","bossDamage","for 4 seconds after taking damage","native/assets/illustrated/content/augment-hurt-bossDamage.svg",""
"augment-hurt-xpGain","Defiant Book","skill","xpGain","for 4 seconds after taking damage","native/assets/illustrated/content/augment-hurt-xpGain.svg",""
"augment-hurt-goldGain","Defiant Purse","item","goldGain","for 4 seconds after taking damage","native/assets/illustrated/content/augment-hurt-goldGain.svg",""
"augment-hurt-pickup","Defiant Magnet","skill","pickup","for 4 seconds after taking damage","native/assets/illustrated/content/augment-hurt-pickup.svg",""
"augment-hurt-turretDamage","Defiant Anvil","item","turretDamage","for 4 seconds after taking damage","native/assets/illustrated/content/augment-hurt-turretDamage.svg",""
"augment-hurt-turretRate","Defiant Gears","skill","turretRate","for 4 seconds after taking damage","native/assets/illustrated/content/augment-hurt-turretRate.svg",""
"augment-hurt-turretRange","Defiant Telescope","item","turretRange","for 4 seconds after taking damage","native/assets/illustrated/content/augment-hurt-turretRange.svg",""
"augment-boss-damage","Giantkiller Gauntlet","item","damage","within 25 metres of a boss","native/assets/illustrated/content/augment-boss-damage.svg",""
"augment-boss-rate","Giantkiller Metronome","skill","rate","within 25 metres of a boss","native/assets/illustrated/content/augment-boss-rate.svg",""
"augment-boss-speed","Giantkiller Boots","item","speed","within 25 metres of a boss","native/assets/illustrated/content/augment-boss-speed.svg",""
"augment-boss-regen","Giantkiller Teacup","skill","regen","within 25 metres of a boss","native/assets/illustrated/content/augment-boss-regen.svg",""
"augment-boss-armor","Giantkiller Shield","item","armor","within 25 metres of a boss","native/assets/illustrated/content/augment-boss-armor.svg",""
"augment-boss-dodge","Giantkiller Cloak","skill","dodge","within 25 metres of a boss","native/assets/illustrated/content/augment-boss-dodge.svg",""
"augment-boss-crit","Giantkiller Lens","item","crit","within 25 metres of a boss","native/assets/illustrated/content/augment-boss-crit.svg",""
"augment-boss-critPower","Giantkiller Crown","skill","critPower","within 25 metres of a boss","native/assets/illustrated/content/augment-boss-critPower.svg",""
"augment-boss-range","Giantkiller Compass","item","range","within 25 metres of a boss","native/assets/illustrated/content/augment-boss-range.svg",""
"augment-boss-projectileSpeed","Giantkiller Arrow","skill","projectileSpeed","within 25 metres of a boss","native/assets/illustrated/content/augment-boss-projectileSpeed.svg",""
"augment-boss-size","Giantkiller Balloon","item","size","within 25 metres of a boss","native/assets/illustrated/content/augment-boss-size.svg",""
"augment-boss-knockback","Giantkiller Hammer","skill","knockback","within 25 metres of a boss","native/assets/illustrated/content/augment-boss-knockback.svg",""
"augment-boss-lifesteal","Giantkiller Fang","item","lifesteal","within 25 metres of a boss","native/assets/illustrated/content/augment-boss-lifesteal.svg",""
"augment-boss-bossDamage","Giantkiller Spear","skill","bossDamage","within 25 metres of a boss","native/assets/illustrated/content/augment-boss-bossDamage.svg",""
"augment-boss-xpGain","Giantkiller Book","item","xpGain","within 25 metres of a boss","native/assets/illustrated/content/augment-boss-xpGain.svg",""
"augment-boss-goldGain","Giantkiller Purse","skill","goldGain","within 25 metres of a boss","native/assets/illustrated/content/augment-boss-goldGain.svg",""
"augment-boss-pickup","Giantkiller Magnet","item","pickup","within 25 metres of a boss","native/assets/illustrated/content/augment-boss-pickup.svg",""
"augment-boss-turretDamage","Giantkiller Anvil","skill","turretDamage","within 25 metres of a boss","native/assets/illustrated/content/augment-boss-turretDamage.svg",""
"augment-boss-turretRate","Giantkiller Gears","item","turretRate","within 25 metres of a boss","native/assets/illustrated/content/augment-boss-turretRate.svg",""
"augment-boss-turretRange","Giantkiller Telescope","skill","turretRange","within 25 metres of a boss","native/assets/illustrated/content/augment-boss-turretRange.svg",""
"augment-alone-damage","Scout Gauntlet","skill","damage","with no enemy within 8 metres","native/assets/illustrated/content/augment-alone-damage.svg",""
"augment-alone-rate","Scout Metronome","item","rate","with no enemy within 8 metres","native/assets/illustrated/content/augment-alone-rate.svg",""
"augment-alone-speed","Scout Boots","skill","speed","with no enemy within 8 metres","native/assets/illustrated/content/augment-alone-speed.svg",""
"augment-alone-regen","Scout Teacup","item","regen","with no enemy within 8 metres","native/assets/illustrated/content/augment-alone-regen.svg",""
"augment-alone-armor","Scout Shield","skill","armor","with no enemy within 8 metres","native/assets/illustrated/content/augment-alone-armor.svg",""
"augment-alone-dodge","Scout Cloak","item","dodge","with no enemy within 8 metres","native/assets/illustrated/content/augment-alone-dodge.svg",""
"augment-alone-crit","Scout Lens","skill","crit","with no enemy within 8 metres","native/assets/illustrated/content/augment-alone-crit.svg",""
"augment-alone-critPower","Scout Crown","item","critPower","with no enemy within 8 metres","native/assets/illustrated/content/augment-alone-critPower.svg",""
"augment-alone-range","Scout Compass","skill","range","with no enemy within 8 metres","native/assets/illustrated/content/augment-alone-range.svg",""
"augment-alone-projectileSpeed","Scout Arrow","item","projectileSpeed","with no enemy within 8 metres","native/assets/illustrated/content/augment-alone-projectileSpeed.svg",""
"augment-alone-size","Scout Balloon","skill","size","with no enemy within 8 metres","native/assets/illustrated/content/augment-alone-size.svg",""
"augment-alone-knockback","Scout Hammer","item","knockback","with no enemy within 8 metres","native/assets/illustrated/content/augment-alone-knockback.svg",""
"augment-alone-lifesteal","Scout Fang","skill","lifesteal","with no enemy within 8 metres","native/assets/illustrated/content/augment-alone-lifesteal.svg",""
"augment-alone-bossDamage","Scout Spear","item","bossDamage","with no enemy within 8 metres","native/assets/illustrated/content/augment-alone-bossDamage.svg",""
"augment-alone-xpGain","Scout Book","skill","xpGain","with no enemy within 8 metres","native/assets/illustrated/content/augment-alone-xpGain.svg",""
"augment-alone-goldGain","Scout Purse","item","goldGain","with no enemy within 8 metres","native/assets/illustrated/content/augment-alone-goldGain.svg",""
"augment-alone-pickup","Scout Magnet","skill","pickup","with no enemy within 8 metres","native/assets/illustrated/content/augment-alone-pickup.svg",""
"augment-alone-turretDamage","Scout Anvil","item","turretDamage","with no enemy within 8 metres","native/assets/illustrated/content/augment-alone-turretDamage.svg",""
"augment-alone-turretRate","Scout Gears","skill","turretRate","with no enemy within 8 metres","native/assets/illustrated/content/augment-alone-turretRate.svg",""
"augment-alone-turretRange","Scout Telescope","item","turretRange","with no enemy within 8 metres","native/assets/illustrated/content/augment-alone-turretRange.svg",""
"augment-crowd-damage","Crowd Gauntlet","item","damage","with 4 enemies within 12 metres","native/assets/illustrated/content/augment-crowd-damage.svg",""
"augment-crowd-rate","Crowd Metronome","skill","rate","with 4 enemies within 12 metres","native/assets/illustrated/content/augment-crowd-rate.svg",""
"augment-crowd-speed","Crowd Boots","item","speed","with 4 enemies within 12 metres","native/assets/illustrated/content/augment-crowd-speed.svg",""
"augment-crowd-regen","Crowd Teacup","skill","regen","with 4 enemies within 12 metres","native/assets/illustrated/content/augment-crowd-regen.svg",""
"augment-crowd-armor","Crowd Shield","item","armor","with 4 enemies within 12 metres","native/assets/illustrated/content/augment-crowd-armor.svg",""
"augment-crowd-dodge","Crowd Cloak","skill","dodge","with 4 enemies within 12 metres","native/assets/illustrated/content/augment-crowd-dodge.svg",""
"augment-crowd-crit","Crowd Lens","item","crit","with 4 enemies within 12 metres","native/assets/illustrated/content/augment-crowd-crit.svg",""
"augment-crowd-critPower","Crowd Crown","skill","critPower","with 4 enemies within 12 metres","native/assets/illustrated/content/augment-crowd-critPower.svg",""
"augment-crowd-range","Crowd Compass","item","range","with 4 enemies within 12 metres","native/assets/illustrated/content/augment-crowd-range.svg",""
"augment-crowd-projectileSpeed","Crowd Arrow","skill","projectileSpeed","with 4 enemies within 12 metres","native/assets/illustrated/content/augment-crowd-projectileSpeed.svg",""
"augment-crowd-size","Crowd Balloon","item","size","with 4 enemies within 12 metres","native/assets/illustrated/content/augment-crowd-size.svg",""
"augment-crowd-knockback","Crowd Hammer","skill","knockback","with 4 enemies within 12 metres","native/assets/illustrated/content/augment-crowd-knockback.svg",""
"augment-crowd-lifesteal","Crowd Fang","item","lifesteal","with 4 enemies within 12 metres","native/assets/illustrated/content/augment-crowd-lifesteal.svg",""
"augment-crowd-bossDamage","Crowd Spear","skill","bossDamage","with 4 enemies within 12 metres","native/assets/illustrated/content/augment-crowd-bossDamage.svg",""
"augment-crowd-xpGain","Crowd Book","item","xpGain","with 4 enemies within 12 metres","native/assets/illustrated/content/augment-crowd-xpGain.svg",""
"augment-crowd-goldGain","Crowd Purse","skill","goldGain","with 4 enemies within 12 metres","native/assets/illustrated/content/augment-crowd-goldGain.svg",""
"augment-crowd-pickup","Crowd Magnet","item","pickup","with 4 enemies within 12 metres","native/assets/illustrated/content/augment-crowd-pickup.svg",""
"augment-crowd-turretDamage","Crowd Anvil","skill","turretDamage","with 4 enemies within 12 metres","native/assets/illustrated/content/augment-crowd-turretDamage.svg",""
"augment-crowd-turretRate","Crowd Gears","item","turretRate","with 4 enemies within 12 metres","native/assets/illustrated/content/augment-crowd-turretRate.svg",""
"augment-crowd-turretRange","Crowd Telescope","skill","turretRange","with 4 enemies within 12 metres","native/assets/illustrated/content/augment-crowd-turretRange.svg",""
"augment-flower-damage","Petal Gauntlet","skill","damage","within 8 metres of a flower","native/assets/illustrated/content/augment-flower-damage.svg",""
"augment-flower-rate","Petal Metronome","item","rate","within 8 metres of a flower","native/assets/illustrated/content/augment-flower-rate.svg",""
"augment-flower-speed","Petal Boots","skill","speed","within 8 metres of a flower","native/assets/illustrated/content/augment-flower-speed.svg",""
"augment-flower-regen","Petal Teacup","item","regen","within 8 metres of a flower","native/assets/illustrated/content/augment-flower-regen.svg",""
"augment-flower-armor","Petal Shield","skill","armor","within 8 metres of a flower","native/assets/illustrated/content/augment-flower-armor.svg",""
"augment-flower-dodge","Petal Cloak","item","dodge","within 8 metres of a flower","native/assets/illustrated/content/augment-flower-dodge.svg",""
"augment-flower-crit","Petal Lens","skill","crit","within 8 metres of a flower","native/assets/illustrated/content/augment-flower-crit.svg",""
"augment-flower-critPower","Petal Crown","item","critPower","within 8 metres of a flower","native/assets/illustrated/content/augment-flower-critPower.svg",""
"augment-flower-range","Petal Compass","skill","range","within 8 metres of a flower","native/assets/illustrated/content/augment-flower-range.svg",""
"augment-flower-projectileSpeed","Petal Arrow","item","projectileSpeed","within 8 metres of a flower","native/assets/illustrated/content/augment-flower-projectileSpeed.svg",""
"augment-flower-size","Petal Balloon","skill","size","within 8 metres of a flower","native/assets/illustrated/content/augment-flower-size.svg",""
"augment-flower-knockback","Petal Hammer","item","knockback","within 8 metres of a flower","native/assets/illustrated/content/augment-flower-knockback.svg",""
"augment-flower-lifesteal","Petal Fang","skill","lifesteal","within 8 metres of a flower","native/assets/illustrated/content/augment-flower-lifesteal.svg",""
"augment-flower-bossDamage","Petal Spear","item","bossDamage","within 8 metres of a flower","native/assets/illustrated/content/augment-flower-bossDamage.svg",""
"augment-flower-xpGain","Petal Book","skill","xpGain","within 8 metres of a flower","native/assets/illustrated/content/augment-flower-xpGain.svg",""
"augment-flower-goldGain","Petal Purse","item","goldGain","within 8 metres of a flower","native/assets/illustrated/content/augment-flower-goldGain.svg",""
"augment-flower-pickup","Petal Magnet","skill","pickup","within 8 metres of a flower","native/assets/illustrated/content/augment-flower-pickup.svg",""
"augment-flower-turretDamage","Petal Anvil","item","turretDamage","within 8 metres of a flower","native/assets/illustrated/content/augment-flower-turretDamage.svg",""
"augment-flower-turretRate","Petal Gears","skill","turretRate","within 8 metres of a flower","native/assets/illustrated/content/augment-flower-turretRate.svg",""
"augment-flower-turretRange","Petal Telescope","item","turretRange","within 8 metres of a flower","native/assets/illustrated/content/augment-flower-turretRange.svg",""
"augment-turret-damage","Workshop Gauntlet","item","damage","within 8 metres of your turret","native/assets/illustrated/content/augment-turret-damage.svg",""
"augment-turret-rate","Workshop Metronome","skill","rate","within 8 metres of your turret","native/assets/illustrated/content/augment-turret-rate.svg",""
"augment-turret-speed","Workshop Boots","item","speed","within 8 metres of your turret","native/assets/illustrated/content/augment-turret-speed.svg",""
"augment-turret-regen","Workshop Teacup","skill","regen","within 8 metres of your turret","native/assets/illustrated/content/augment-turret-regen.svg",""
"augment-turret-armor","Workshop Shield","item","armor","within 8 metres of your turret","native/assets/illustrated/content/augment-turret-armor.svg",""
"augment-turret-dodge","Workshop Cloak","skill","dodge","within 8 metres of your turret","native/assets/illustrated/content/augment-turret-dodge.svg",""
"augment-turret-crit","Workshop Lens","item","crit","within 8 metres of your turret","native/assets/illustrated/content/augment-turret-crit.svg",""
"augment-turret-critPower","Workshop Crown","skill","critPower","within 8 metres of your turret","native/assets/illustrated/content/augment-turret-critPower.svg",""
"augment-turret-range","Workshop Compass","item","range","within 8 metres of your turret","native/assets/illustrated/content/augment-turret-range.svg",""
"augment-turret-projectileSpeed","Workshop Arrow","skill","projectileSpeed","within 8 metres of your turret","native/assets/illustrated/content/augment-turret-projectileSpeed.svg",""
"augment-turret-size","Workshop Balloon","item","size","within 8 metres of your turret","native/assets/illustrated/content/augment-turret-size.svg",""
"augment-turret-knockback","Workshop Hammer","skill","knockback","within 8 metres of your turret","native/assets/illustrated/content/augment-turret-knockback.svg",""
"augment-turret-lifesteal","Workshop Fang","item","lifesteal","within 8 metres of your turret","native/assets/illustrated/content/augment-turret-lifesteal.svg",""
"augment-turret-bossDamage","Workshop Spear","skill","bossDamage","within 8 metres of your turret","native/assets/illustrated/content/augment-turret-bossDamage.svg",""
"augment-turret-xpGain","Workshop Book","item","xpGain","within 8 metres of your turret","native/assets/illustrated/content/augment-turret-xpGain.svg",""
"augment-turret-goldGain","Workshop Purse","skill","goldGain","within 8 metres of your turret","native/assets/illustrated/content/augment-turret-goldGain.svg",""
"augment-turret-pickup","Workshop Magnet","item","pickup","within 8 metres of your turret","native/assets/illustrated/content/augment-turret-pickup.svg",""
"augment-turret-turretDamage","Workshop Anvil","skill","turretDamage","within 8 metres of your turret","native/assets/illustrated/content/augment-turret-turretDamage.svg",""
"augment-turret-turretRate","Workshop Gears","item","turretRate","within 8 metres of your turret","native/assets/illustrated/content/augment-turret-turretRate.svg",""
"augment-turret-turretRange","Workshop Telescope","skill","turretRange","within 8 metres of your turret","native/assets/illustrated/content/augment-turret-turretRange.svg",""
"augment-rich-damage","Treasury Gauntlet","skill","damage","while carrying at least 50 coins","native/assets/illustrated/content/augment-rich-damage.svg",""
"augment-rich-rate","Treasury Metronome","item","rate","while carrying at least 50 coins","native/assets/illustrated/content/augment-rich-rate.svg",""
"augment-rich-speed","Treasury Boots","skill","speed","while carrying at least 50 coins","native/assets/illustrated/content/augment-rich-speed.svg",""
"augment-rich-regen","Treasury Teacup","item","regen","while carrying at least 50 coins","native/assets/illustrated/content/augment-rich-regen.svg",""
"augment-rich-armor","Treasury Shield","skill","armor","while carrying at least 50 coins","native/assets/illustrated/content/augment-rich-armor.svg",""
"augment-rich-dodge","Treasury Cloak","item","dodge","while carrying at least 50 coins","native/assets/illustrated/content/augment-rich-dodge.svg",""
"augment-rich-crit","Treasury Lens","skill","crit","while carrying at least 50 coins","native/assets/illustrated/content/augment-rich-crit.svg",""
"augment-rich-critPower","Treasury Crown","item","critPower","while carrying at least 50 coins","native/assets/illustrated/content/augment-rich-critPower.svg",""
"augment-rich-range","Treasury Compass","skill","range","while carrying at least 50 coins","native/assets/illustrated/content/augment-rich-range.svg",""
"augment-rich-projectileSpeed","Treasury Arrow","item","projectileSpeed","while carrying at least 50 coins","native/assets/illustrated/content/augment-rich-projectileSpeed.svg",""
"augment-rich-size","Treasury Balloon","skill","size","while carrying at least 50 coins","native/assets/illustrated/content/augment-rich-size.svg",""
"augment-rich-knockback","Treasury Hammer","item","knockback","while carrying at least 50 coins","native/assets/illustrated/content/augment-rich-knockback.svg",""
"augment-rich-lifesteal","Treasury Fang","skill","lifesteal","while carrying at least 50 coins","native/assets/illustrated/content/augment-rich-lifesteal.svg",""
"augment-rich-bossDamage","Treasury Spear","item","bossDamage","while carrying at least 50 coins","native/assets/illustrated/content/augment-rich-bossDamage.svg",""
"augment-rich-xpGain","Treasury Book","skill","xpGain","while carrying at least 50 coins","native/assets/illustrated/content/augment-rich-xpGain.svg",""
"augment-rich-goldGain","Treasury Purse","item","goldGain","while carrying at least 50 coins","native/assets/illustrated/content/augment-rich-goldGain.svg",""
"augment-rich-pickup","Treasury Magnet","skill","pickup","while carrying at least 50 coins","native/assets/illustrated/content/augment-rich-pickup.svg",""
"augment-rich-turretDamage","Treasury Anvil","item","turretDamage","while carrying at least 50 coins","native/assets/illustrated/content/augment-rich-turretDamage.svg",""
"augment-rich-turretRate","Treasury Gears","skill","turretRate","while carrying at least 50 coins","native/assets/illustrated/content/augment-rich-turretRate.svg",""
"augment-rich-turretRange","Treasury Telescope","item","turretRange","while carrying at least 50 coins","native/assets/illustrated/content/augment-rich-turretRange.svg",""
"popcorn-repeater","Popcorn Repeater","weapon","Fires 2 extra projectiles per attack.","","native/assets/illustrated/content/popcorn-repeater.svg","native/assets/illustrated/content/textures/popcorn-repeater.svg"
"needle-driver","Needle Driver","weapon","Pierces 4 extra targets.","","native/assets/illustrated/content/needle-driver.svg","native/assets/illustrated/content/textures/needle-driver.svg"
"confetti-cannon","Confetti Cannon","weapon","Fires 3 extra projectiles per attack.","","native/assets/illustrated/content/confetti-cannon.svg","native/assets/illustrated/content/textures/confetti-cannon.svg"
"pebble-blunderbuss","Pebble Blunderbuss","weapon","Projectiles are 2.2× larger.","","native/assets/illustrated/content/pebble-blunderbuss.svg","native/assets/illustrated/content/textures/pebble-blunderbuss.svg"
"venom-candle","Venom Candle","weapon","Adds poison damage on hit.","","native/assets/illustrated/content/venom-candle.svg","native/assets/illustrated/content/textures/venom-candle.svg"
"steam-iron","Steam Iron","weapon","Adds a slowing bubble on hit.","","native/assets/illustrated/content/steam-iron.svg","native/assets/illustrated/content/textures/steam-iron.svg"
"chilli-sprayer","Chilli Sprayer","weapon","Adds burning damage on hit.","","native/assets/illustrated/content/chilli-sprayer.svg","native/assets/illustrated/content/textures/chilli-sprayer.svg"
"wasp-injector","Wasp Injector","weapon","Pierces 3 extra targets.","","native/assets/illustrated/content/wasp-injector.svg","native/assets/illustrated/content/textures/wasp-injector.svg"
"snow-globe","Snow Globe","weapon","Adds a slowing bubble on hit.","","native/assets/illustrated/content/snow-globe.svg","native/assets/illustrated/content/textures/snow-globe.svg"
"hail-hose","Hail Hose","weapon","Fires 3 extra projectiles per attack.","","native/assets/illustrated/content/hail-hose.svg","native/assets/illustrated/content/textures/hail-hose.svg"
"ricochet-ruler","Ricochet Ruler","weapon","Bounces to 3 extra targets.","","native/assets/illustrated/content/ricochet-ruler.svg","native/assets/illustrated/content/textures/ricochet-ruler.svg"
"knitting-needles","Knitting Needles","weapon","Fires 1 extra projectiles per attack.","","native/assets/illustrated/content/knitting-needles.svg","native/assets/illustrated/content/textures/knitting-needles.svg"
"fork-lightning","Fork Lightning","weapon","Pierces 4 extra targets.","","native/assets/illustrated/content/fork-lightning.svg","native/assets/illustrated/content/textures/fork-lightning.svg"
"tesla-yo-yo","Tesla Yo-yo","weapon","Projectiles return for another pass.","","native/assets/illustrated/content/tesla-yo-yo.svg","native/assets/illustrated/content/textures/tesla-yo-yo.svg"
"pizza-wheel","Pizza Wheel","weapon","Sweeps a wider melee arc.","","native/assets/illustrated/content/pizza-wheel.svg","native/assets/illustrated/content/textures/pizza-wheel.svg"
"frost-cleaver","Frost Cleaver","weapon","Adds a brief freeze on hit. Sweeps a wider melee arc.","","native/assets/illustrated/content/frost-cleaver.svg","native/assets/illustrated/content/textures/frost-cleaver.svg"
"bottle-rockets","Bottle Rockets","weapon","Fires 1 extra projectiles per attack.","","native/assets/illustrated/content/bottle-rockets.svg","native/assets/illustrated/content/textures/bottle-rockets.svg"
"cork-launcher","Cork Launcher","weapon","Bounces to 2 extra targets.","","native/assets/illustrated/content/cork-launcher.svg","native/assets/illustrated/content/textures/cork-launcher.svg"
"ember-lantern","Ember Lantern","weapon","Adds burning damage on hit.","","native/assets/illustrated/content/ember-lantern.svg","native/assets/illustrated/content/textures/ember-lantern.svg"
"winter-lantern","Winter Lantern","weapon","Adds a brief freeze on hit.","","native/assets/illustrated/content/winter-lantern.svg","native/assets/illustrated/content/textures/winter-lantern.svg"
"horseshoe-hook","Horseshoe Hook","weapon","Pierces 4 extra targets.","","native/assets/illustrated/content/horseshoe-hook.svg","native/assets/illustrated/content/textures/horseshoe-hook.svg"
"pretzel-twister","Pretzel Twister","weapon","Bounces to 3 extra targets.","","native/assets/illustrated/content/pretzel-twister.svg","native/assets/illustrated/content/textures/pretzel-twister.svg"
"vinyl-spinner","Vinyl Spinner","weapon","Projectiles return for another pass.","","native/assets/illustrated/content/vinyl-spinner.svg","native/assets/illustrated/content/textures/vinyl-spinner.svg"
"button-barrage","Button Barrage","weapon","Fires 2 extra projectiles per attack.","","native/assets/illustrated/content/button-barrage.svg","native/assets/illustrated/content/textures/button-barrage.svg"
"venom-anchor","Venom Anchor","weapon","Adds poison damage on hit.","","native/assets/illustrated/content/venom-anchor.svg","native/assets/illustrated/content/textures/venom-anchor.svg"
"trident","Trident","weapon","Fires 2 extra projectiles per attack.","","native/assets/illustrated/content/trident.svg","native/assets/illustrated/content/textures/trident.svg"
"teacup-singularity","Teacup Singularity","weapon","Area radius is 1.8× larger.","","native/assets/illustrated/content/teacup-singularity.svg","native/assets/illustrated/content/textures/teacup-singularity.svg"
"pocket-black-hole","Pocket Black Hole","weapon","Gravity well lasts 2× longer.","","native/assets/illustrated/content/pocket-black-hole.svg","native/assets/illustrated/content/textures/pocket-black-hole.svg"
"kazoo-chorus","Kazoo Chorus","weapon","Blasts a much wider sound cone.","","native/assets/illustrated/content/kazoo-chorus.svg","native/assets/illustrated/content/textures/kazoo-chorus.svg"
"sleepy-tuba","Sleepy Tuba","weapon","Sound stuns for 1.1 extra seconds.","","native/assets/illustrated/content/sleepy-tuba.svg","native/assets/illustrated/content/textures/sleepy-tuba.svg"
"slime-soap","Slime Soap","weapon","Adds poison damage on hit.","","native/assets/illustrated/content/slime-soap.svg","native/assets/illustrated/content/textures/slime-soap.svg"
"foam-party","Foam Party","weapon","Fires 2 extra projectiles per attack.","","native/assets/illustrated/content/foam-party.svg","native/assets/illustrated/content/textures/foam-party.svg"
"comet-cracker","Comet Cracker","weapon","Area radius is 1.7× larger.","","native/assets/illustrated/content/comet-cracker.svg","native/assets/illustrated/content/textures/comet-cracker.svg"
"marble-rain","Marble Rain","weapon","Drops 3 extra meteors.","","native/assets/illustrated/content/marble-rain.svg","native/assets/illustrated/content/textures/marble-rain.svg"
"pumpkin-fuse","Pumpkin Fuse","weapon","Area radius is 1.6× larger. Bomb fuse: 1.8 seconds.","","native/assets/illustrated/content/pumpkin-fuse.svg","native/assets/illustrated/content/textures/pumpkin-fuse.svg"
"marble-mine","Marble Mine","weapon","Bomb fuse: 0.35 seconds.","","native/assets/illustrated/content/marble-mine.svg","native/assets/illustrated/content/textures/marble-mine.svg"
"staple-sentry","Staple Sentry","weapon","Fires 2 extra projectiles per attack.","","native/assets/illustrated/content/staple-sentry.svg","native/assets/illustrated/content/textures/staple-sentry.svg"
"toaster-sentry","Toaster Sentry","weapon","Adds burning damage on hit.","","native/assets/illustrated/content/toaster-sentry.svg","native/assets/illustrated/content/textures/toaster-sentry.svg"
"pepper-sentry","Pepper Sentry","weapon","Adds poison damage on hit.","","native/assets/illustrated/content/pepper-sentry.svg","native/assets/illustrated/content/textures/pepper-sentry.svg"
"steam-sentry","Steam Sentry","weapon","Adds a brief freeze on hit.","","native/assets/illustrated/content/steam-sentry.svg","native/assets/illustrated/content/textures/steam-sentry.svg"
