ID,Display Name,Description,Hidden
"WF_PLAY_WRENCH","Meet Wrench","Start a run as Wrench.","0"
"WF_WIN_WRENCH","Wrench Beats The Odds","Win a run as Wrench.","0"
"WF_PLAY_DUCK","Meet Count Duck","Start a run as Count Duck.","0"
"WF_WIN_DUCK","Count Duck Beats The Odds","Win a run as Count Duck.","0"
"WF_PLAY_BROCCOLI","Meet Tank Potato","Start a run as Tank Potato.","0"
"WF_WIN_BROCCOLI","Tank Potato Beats The Odds","Win a run as Tank Potato.","0"
"WF_PLAY_GRANDMA","Meet Stone Granny","Start a run as Stone Granny.","0"
"WF_WIN_GRANDMA","Stone Granny Beats The Odds","Win a run as Stone Granny.","0"
"WF_PLAY_GOBLIN","Meet Tax Rat","Start a run as Tax Rat.","0"
"WF_WIN_GOBLIN","Tax Rat Beats The Odds","Win a run as Tax Rat.","0"
"WF_PLAY_LOAF","Meet Sir Loaf","Start a run as Sir Loaf.","0"
"WF_WIN_LOAF","Sir Loaf Beats The Odds","Win a run as Sir Loaf.","0"
"WF_PLAY_FLORIST","Meet Florist","Start a run as Florist.","0"
"WF_WIN_FLORIST","Florist Beats The Odds","Win a run as Florist.","0"
"WF_BUILD_ENGINEERING","Union Approved","Shape a build with five engineering upgrades.","0"
"WF_BUILD_BALLISTICS","Bullet Bouquet","Shape a build with five ballistics upgrades.","0"
"WF_BUILD_EXPLOSIVES","Confetti Insurance","Shape a build with five explosives upgrades.","0"
"WF_BUILD_FIRE","Spicy Personality","Shape a build with five fire upgrades.","0"
"WF_BUILD_FROST","Ice Cream Emergency","Shape a build with five frost upgrades.","0"
"WF_BUILD_ELECTRIC","Static Hair Day","Shape a build with five electric upgrades.","0"
"WF_BUILD_TOXIC","Organic Pest Control","Shape a build with five toxic upgrades.","0"
"WF_BUILD_DEFENSE","Walking Fridge","Shape a build with five defense upgrades.","0"
"WF_BUILD_RECOVERY","Doctor Yourself","Shape a build with five recovery upgrades.","0"
"WF_BUILD_MOBILITY","Late For Everything","Shape a build with five mobility upgrades.","0"
"WF_BUILD_VAMPIRIC","Dinner Is Served","Shape a build with five vampiric upgrades.","0"
"WF_BUILD_SCAVENGING","Pocket Vacuum","Shape a build with five scavenging upgrades.","0"
"WF_BUILD_FORTUNE","Lucky Underpants","Shape a build with five fortune upgrades.","0"
"WF_BUILD_PRECISION","Tiny Target, Big Ego","Shape a build with five precision upgrades.","0"
"WF_BUILD_ASSASSIN","Early Checkout","Shape a build with five assassin upgrades.","0"
"WF_BUILD_AURA","Personal Space","Shape a build with five aura upgrades.","0"
"WF_BUILD_SPECTRAL","Haunted Pajamas","Shape a build with five spectral upgrades.","0"
"WF_BUILD_BURROWING","Underground Celebrity","Shape a build with five burrowing upgrades.","0"
"WF_BUILD_SHADOW","Who Turned Out The Sun?","Shape a build with five shadow upgrades.","0"
"WF_BUILD_BERSERKER","Bad Mood, Big Damage","Shape a build with five berserker upgrades.","0"
"WF_BUILD_STORM","Weather Complaint","Shape a build with five storm upgrades.","0"
"WF_BUILD_ARCANE","Wizard Without A Hat","Shape a build with five arcane upgrades.","0"
"WF_BUILD_NATURE","Please Do Not Hug","Shape a build with five nature upgrades.","0"
"WF_BUILD_ECONOMY","Financially Dangerous","Shape a build with five economy upgrades.","0"
"WF_BUILD_GARDEN","Flower Power","Shape a build with five garden upgrades.","0"
"WF_COMBO_BURN_FREEZE","Hot Ice","Combine Fire and Freeze powers in one run.","0"
"WF_COMBO_POISON_LIFESTEAL","Blood Salad","Combine Poison and Vampire powers in one run.","0"
"WF_COMBO_SHIELD_THORNS","Spiky Bubble","Combine Shield and Thorns powers in one run.","0"
"WF_COMBO_GHOST_BURROW","Haunted Basement","Combine Ghost and Mole powers in one run.","0"
"WF_COMBO_BURN_POISON","Bad Soup","Combine Fire and Poison powers in one run.","0"
"WF_COMBO_FREEZE_BLIND","Cold Shoulder","Combine Freeze and Blind powers in one run.","0"
"WF_COMBO_CHAIN_RICOCHET","Pinball Wizard","Combine Lightning and Bounce powers in one run.","0"
"WF_COMBO_SPLASH_PIERCE","Through And Through","Combine Blast and Pierce powers in one run.","0"
"WF_COMBO_REGEN_ARMOR","Comfortable Tank","Combine Heal and Armor powers in one run.","0"
"WF_COMBO_DASHBLAST_GHOST","Boo Goes Boom","Combine Dash Blast and Ghost powers in one run.","0"
"WF_COMBO_POOLS_SLOW","Sticky Situation","Combine Poison Cloud and Ice powers in one run.","0"
"WF_COMBO_STORM_NOVA","Very Local Weather","Combine Storm and Nova powers in one run.","0"
"WF_COMBO_LIFESTEAL_BERSERK","Hungry When Angry","Combine Vampire and Rage powers in one run.","0"
"WF_COMBO_WALKGOLD_COINRADIUS","Paid To Walk","Combine Coin Boots and Coin Magnet powers in one run.","0"
"WF_COMBO_INTEREST_DISCOUNT","Coupon Billionaire","Combine Savings and Sale powers in one run.","0"
"WF_COMBO_KEYPOWER_LUCK","Key To Happiness","Combine Key and Lucky powers in one run.","0"
"WF_COMBO_HURTGOLD_THORNS","Complaint Compensation","Combine Gold Heart and Thorns powers in one run.","0"
"WF_COMBO_REPAIR_TURRETDAMAGE","Workshop Nurse","Combine Repair and Turret Power powers in one run.","0"
"WF_COMBO_FLOWERPOLLEN_FLOWERROOTS","No Lawn Allowed","Combine Pollen and Roots powers in one run.","0"
"WF_COMBO_FLOWERHEAL_FLOWERPOWER","Flower Hospital","Combine Nectar and Big Bloom powers in one run.","0"
"WF_LOCKED_GATE","Wrong Door","Try a gate before its bosses are defeated.","0"
"WF_RUINS","Tourist With Teeth","Visit all four ruins in one world.","0"
"WF_HIGH_CHEST","Upstairs Loot","Open treasure on a raised ruin.","0"
"WF_THREE_REALMS","Change Of Scenery","Reach the third world.","0"
"WF_LONG_WALK","Scenic Route","Explore the outer edge of a world.","0"
"WF_AIRTIME","Frequent Flyer","Jump while a boss is alive.","0"
"WF_FREE_KEY","On The House","Open a normal chest free using a Key.","0"
"WF_LAST_COIN","No Change Needed","Spend your last coin on a chest.","0"
"WF_SALE","Sale Of The Century","Buy a chest with a discount.","0"
"WF_INTEREST","Money Tree","Earn interest on saved coins.","0"
"WF_WALK_PAY","Professional Walker","Earn coins by walking.","0"
"WF_HURT_PAY","Paid For Pain","Earn coins from taking damage.","0"
"WF_BOSS_GIFT","Thank You, Boss","Open a boss reward chest.","0"
"WF_LEGENDARY","Disco In A Box","Reveal legendary treasure.","0"
"WF_MIXED_BAG","Shopping Without A List","Own upgrades from six families in one run.","0"
"WF_TRIPLE_WEAPON","Full Hands","Equip three different weapons.","0"
"WF_REPLACE","New Favourite","Upgrade each of your three weapons in the same run.","0"
"WF_RANK_UP","Old Reliable","Upgrade the same weapon.","0"
"WF_GARDEN","Groundskeeper","Plant a flower by moving.","0"
"WF_BLOOM_CHAIN","Spring Reaction","Make three neighbouring flowers bloom together.","0"
"WF_FLOWER_HEAL","Emergency Bouquet","Heal yourself with a flower.","0"
"WF_FLOWER_BOSS","Push Up Daisies","Damage a boss with a bloom.","0"
"WF_POLLEN","Hay Fever","Poison an enemy with flower pollen.","0"
"WF_ROOTS","Please Stay On The Grass","Slow an enemy with flower roots.","0"
"WF_GARDEN_MOVE","Garden Marathon","Plant in five different patches in a world.","0"
"WF_HOT_COLD","Thermal Confusion","Burn and freeze the same enemy.","0"
"WF_TOXIC_DARK","Nightshade","Poison and blind the same enemy.","0"
"WF_BOSS_BLIND","Management In The Dark","Blind a boss.","0"
"WF_BOSS_ICE","Frozen Appointment","Freeze a boss.","0"
"WF_BUBBLE","Soft Landing","Let your shield absorb a hit.","0"
"WF_REVIVE","Death Has Bad Timing","Use an extra life.","0"
"WF_COMEBACK","Still Your Problem","Defeat a boss below one-quarter health.","0"
"WF_PURE_GARDEN","Weeding Specialist","Defeat a boss using only Flowers as your weapon.","0"
"WF_NO_GUN","Alternative Medicine","Defeat a boss without a gun equipped.","0"
"WF_ONE_WEAPON","Travelling Light","Defeat a boss with one weapon equipped.","0"
"WF_NO_HIT_BOSS","Not A Scratch","Defeat a boss without losing health during that fight.","0"
"WF_FEEDBACK","Dear Developers","Save a suggestion in the Community Lab.","0"
"WF_ROADMAP","Crystal Ball","Read the Community Lab roadmap.","0"
"WF_MIX_TURRET","Shared Workshop","Equip a turret and another kind of weapon.","0"
"WF_FULL_EXPLORER","Cartographer In A Panic","Reveal thirty map tiles in one world.","0"
"WF_GHOST_DANGER","Excuse Me, Coming Through","Ghost dash while a boss is alive.","0"